goods_name,goods_model,goods_price,goods_discount_price,goods_color,goods_size,goods_details,goods_images,goods_num,gender,goods_page,goods_url
STAR PRINT COTTON SNOOD,https://www.zara.com/ww/en/star-print-cotton-snood-p00653548.html,€5.99,€0,Blue,['XS'],['Cotton snood with a star print.'],"['https://static.zara.net/photos///2019/V/0/3/p/0653/548/400/2/w/1024/0653548400_1_1_1.jpg?ts=1548414858625', 'https://static.zara.net/photos///2019/V/0/3/p/0653/548/400/2/w/1024/0653548400_2_1_1.jpg?ts=1548414836596', 'https://static.zara.net/photos///2019/V/0/3/p/0653/548/400/2/w/1024/0653548400_2_2_1.jpg?ts=1548414848138']",4,babyboy,6,https://www.zara.com/ww/en/star-print-cotton-snood-p00653548.html
STRAW HAT WITH WOVEN BAND,https://www.zara.com/ww/en/straw-hat-with-woven-band-p07150547.html,€6.99,€0,camel,"['6-12months(48cm)', '12-24months(50cm)', '2-4years(51cm)']",['Straw hat with coloured woven band.'],"['https://static.zara.net/photos///2019/V/0/3/p/7150/547/707/2/w/1024/7150547707_1_1_1.jpg?ts=1551378389137', 'https://static.zara.net/photos///2019/V/0/3/p/7150/547/707/2/w/1024/7150547707_2_1_1.jpg?ts=1551378381308']",1,babyboy,6,https://www.zara.com/ww/en/straw-hat-with-woven-band-p07150547.html
FADED BUCKET HAT,https://www.zara.com/ww/en/faded-bucket-hat-p03920545.html,€6.99,€0,Anthracite grey,"['12-24months(50cm)', '2-4years(51cm)']",['Bucket hat in faded fabric with decorative topstitching.'],"['https://static.zara.net/photos///2019/V/0/3/p/3920/545/807/2/w/1024/3920545807_1_1_1.jpg?ts=1552565593449', 'https://static.zara.net/photos///2019/V/0/3/p/3920/545/807/2/w/1024/3920545807_2_1_1.jpg?ts=1552565584036']",1,babygirl,5,https://www.zara.com/ww/en/faded-bucket-hat-p03920545.html
HAT WITH EARS,https://www.zara.com/ww/en/hat-with-ears-p01323528.html,€5.99,€0,Pink,"['1-6months', '6-12months']",['Garter stitch hat with ear appliqués.'],"['https://static.zara.net/photos///2019/V/0/3/p/1323/528/620/2/w/1024/1323528620_1_1_1.jpg?ts=1548083652435', 'https://static.zara.net/photos///2019/V/0/3/p/1323/528/620/2/w/1024/1323528620_2_1_1.jpg?ts=1547825486484']",6,babygirl,5,https://www.zara.com/ww/en/hat-with-ears-p01323528.html
STAR PRINT COTTON SNOOD,https://www.zara.com/ww/en/star-print-cotton-snood-p00653548.html,€5.99,€0,Blue,['XS'],['Cotton snood with a star print.'],"['https://static.zara.net/photos///2019/V/0/3/p/0653/548/400/2/w/1024/0653548400_1_1_1.jpg?ts=1548414858625', 'https://static.zara.net/photos///2019/V/0/3/p/0653/548/400/2/w/1024/0653548400_2_1_1.jpg?ts=1548414836596', 'https://static.zara.net/photos///2019/V/0/3/p/0653/548/400/2/w/1024/0653548400_2_2_1.jpg?ts=1548414848138']",4,babygirl,5,https://www.zara.com/ww/en/star-print-cotton-snood-p00653548.html
FADED BUCKET HAT,https://www.zara.com/ww/en/faded-bucket-hat-p03920545.html,€6.99,€0,Anthracite grey,"['12-24months(50cm)', '2-4years(51cm)']",['Bucket hat in faded fabric with decorative topstitching.'],"['https://static.zara.net/photos///2019/V/0/3/p/3920/545/807/2/w/1024/3920545807_1_1_1.jpg?ts=1552565593449', 'https://static.zara.net/photos///2019/V/0/3/p/3920/545/807/2/w/1024/3920545807_2_1_1.jpg?ts=1552565584036']",2,babyboy,6,https://www.zara.com/ww/en/faded-bucket-hat-p03920545.html
STRIPED COTTON SNOOD,https://www.zara.com/ww/en/striped-cotton-snood-p00653547.html,€5.99,€0,Blue,['XS'],['Cotton snood with a striped print.'],"['https://static.zara.net/photos///2019/V/0/3/p/0653/547/400/2/w/1024/0653547400_1_1_1.jpg?ts=1548414803661', 'https://static.zara.net/photos///2019/V/0/3/p/0653/547/400/2/w/1024/0653547400_2_1_1.jpg?ts=1548414784608', 'https://static.zara.net/photos///2019/V/0/3/p/0653/547/400/2/w/1024/0653547400_2_2_1.jpg?ts=1548414794234']",5,babygirl,5,https://www.zara.com/ww/en/striped-cotton-snood-p00653547.html
STRIPED COTTON SNOOD,https://www.zara.com/ww/en/striped-cotton-snood-p00653547.html,€5.99,€0,Blue,['XS'],['Cotton snood with a striped print.'],"['https://static.zara.net/photos///2019/V/0/3/p/0653/547/400/2/w/1024/0653547400_1_1_1.jpg?ts=1548414803661', 'https://static.zara.net/photos///2019/V/0/3/p/0653/547/400/2/w/1024/0653547400_2_1_1.jpg?ts=1548414784608', 'https://static.zara.net/photos///2019/V/0/3/p/0653/547/400/2/w/1024/0653547400_2_2_1.jpg?ts=1548414794234']",3,babyboy,6,https://www.zara.com/ww/en/striped-cotton-snood-p00653547.html
UNICORN COTTON SNOOD,https://www.zara.com/ww/en/unicorn-cotton-snood-p04373545.html,€5.99,€0,Pink,['XS'],['Cotton snood with a unicorn print.'],"['https://static.zara.net/photos///2019/V/0/3/p/4373/545/620/2/w/1024/4373545620_1_1_1.jpg?ts=1548337172952', 'https://static.zara.net/photos///2019/V/0/3/p/4373/545/620/2/w/1024/4373545620_2_1_1.jpg?ts=1548337155950', 'https://static.zara.net/photos///2019/V/0/3/p/4373/545/620/2/w/1024/4373545620_2_2_1.jpg?ts=1548337164536']",3,babygirl,5,https://www.zara.com/ww/en/unicorn-cotton-snood-p04373545.html
TWILL NAUTICAL CAP,https://www.zara.com/ww/en/twill-nautical-cap-p03920635.html,€6.99,€0,Camel,"['S(52cm)', 'M(54cm)', 'L(56cm)']",['Twill nautical-style cap. '],"['https://static.zara.net/photos///2019/V/0/3/p/3920/635/704/2/w/1024/3920635704_1_1_1.jpg?ts=1550227351999', 'https://static.zara.net/photos///2019/V/0/3/p/3920/635/704/2/w/1024/3920635704_2_1_1.jpg?ts=1550227335781', 'https://static.zara.net/photos///2019/V/0/3/p/3920/635/704/2/w/1024/3920635704_2_2_1.jpg?ts=1550227344172']",9,girl,3,https://www.zara.com/ww/en/twill-nautical-cap-p03920635.html
REVERSIBLE UNICORN BEANIE,https://www.zara.com/ww/en/reversible-unicorn-beanie-p04373546.html,€5.99,€0,Grey marl,['12-24months'],['Beanie featuring ties and a unicorn print.'],"['https://static.zara.net/photos///2019/V/0/3/p/4373/546/803/2/w/1024/4373546803_1_1_1.jpg?ts=1548337222038', 'https://static.zara.net/photos///2019/V/0/3/p/4373/546/803/2/w/1024/4373546803_2_1_1.jpg?ts=1548337194686', 'https://static.zara.net/photos///2019/V/0/3/p/4373/546/803/2/w/1024/4373546803_2_2_1.jpg?ts=1548337202988', 'https://static.zara.net/photos///2019/V/0/3/p/4373/546/803/2/w/1024/4373546803_2_3_1.jpg?ts=1548337213037']",2,babygirl,5,https://www.zara.com/ww/en/reversible-unicorn-beanie-p04373546.html
SHINY ANIMAL CAP,https://www.zara.com/ww/en/shiny-animal-cap-p03920633.html,€4.99,€0,Orange,"['S(52cm)', 'M(54cm)', 'L(56cm)']",['Cap with adjustable back and animal print on front with embroidered motifs and shiny detailing.'],"['https://static.zara.net/photos///2019/V/0/3/p/3920/633/615/2/w/1024/3920633615_1_1_1.jpg?ts=1553258680432', 'https://static.zara.net/photos///2019/V/0/3/p/3920/633/615/2/w/1024/3920633615_2_1_1.jpg?ts=1553258664363', 'https://static.zara.net/photos///2019/V/0/3/p/3920/633/615/2/w/1024/3920633615_2_2_1.jpg?ts=1553258672456']",1,girl,3,https://www.zara.com/ww/en/shiny-animal-cap-p03920633.html
GLITTERY RIBBED BEANIE,https://www.zara.com/ww/en/glittery-ribbed-beanie-p06152649.html,€6.99,€0,Sky blue,"['S', 'M', 'L']",['Ribbed beanie featuring turn-up detail and shiny appliqués.'],"['https://static.zara.net/photos///2019/V/0/3/p/6152/649/403/2/w/1024/6152649403_1_1_1.jpg?ts=1547835302769', 'https://static.zara.net/photos///2019/V/0/3/p/6152/649/403/2/w/1024/6152649403_2_1_1.jpg?ts=1547816202918']",7,girl,3,https://www.zara.com/ww/en/glittery-ribbed-beanie-p06152649.html
RIBBED TURN-UP BEANIE,https://www.zara.com/ww/en/ribbed-turn-up-beanie-p09065443.html,€9.95,€0,Black,['M'],['Ribbed knit beanie with a turn-up brim. Featuring a label detail with a contrast slogan.'],"['https://static.zara.net/photos///2019/I/0/2/p/9065/443/800/2/w/1024/9065443800_1_1_1.jpg?ts=1562225807686', 'https://static.zara.net/photos///2019/I/0/2/p/9065/443/800/2/w/1024/9065443800_2_1_1.jpg?ts=1562225796025']",15,man,1,https://www.zara.com/ww/en/ribbed-turn-up-beanie-p09065443.html
GLITTERY RIBBED BEANIE,https://www.zara.com/ww/en/glittery-ribbed-beanie-p06152649.html,€6.99,€0,Sky blue,"['S', 'M', 'L']",['Ribbed beanie featuring turn-up detail and shiny appliqués.'],"['https://static.zara.net/photos///2019/V/0/3/p/6152/649/403/2/w/1024/6152649403_1_1_1.jpg?ts=1547835302769', 'https://static.zara.net/photos///2019/V/0/3/p/6152/649/403/2/w/1024/6152649403_2_1_1.jpg?ts=1547816202918']",7,girl,3,https://www.zara.com/ww/en/glittery-ribbed-beanie-p06152649.html
DENIM HAT WITH BAND,https://www.zara.com/ww/en/denim-hat-with-band-p00653699.html,€6.99,€0,Blue,"['S(52cm)', 'M(54cm)', 'L(56cm)']",['Denim hat with band detail.'],"['https://static.zara.net/photos///2019/V/0/3/p/0653/699/400/2/w/1024/0653699400_1_1_1.jpg?ts=1547815732854', 'https://static.zara.net/photos///2019/V/0/3/p/0653/699/400/2/w/1024/0653699400_2_1_1.jpg?ts=1547815725069']",13,boy,4,https://www.zara.com/ww/en/denim-hat-with-band-p00653699.html
STRIPED COTTON SNOOD,https://www.zara.com/ww/en/striped-cotton-snood-p00653696.html,€5.99,€0,Blue,['M'],['Cotton snood with a striped print.'],"['https://static.zara.net/photos///2019/V/0/3/p/0653/696/400/2/w/1024/0653696400_1_1_1.jpg?ts=1548335406799', 'https://static.zara.net/photos///2019/V/0/3/p/0653/696/400/2/w/1024/0653696400_2_1_1.jpg?ts=1548335377958', 'https://static.zara.net/photos///2019/V/0/3/p/0653/696/400/2/w/1024/0653696400_2_2_1.jpg?ts=1548335393876']",11,boy,4,https://www.zara.com/ww/en/striped-cotton-snood-p00653696.html
KNIT BEANIE WITH LABEL DETAIL,https://www.zara.com/ww/en/knit-beanie-with-label-detail-p02649699.html,€5.99,€0,Khaki,"['M', 'L']",['Knit beanie featuring a turn-up brim with a label appliqué.'],"['https://static.zara.net/photos///2019/V/0/3/p/2649/699/505/2/w/1024/2649699505_1_1_1.jpg?ts=1548336598184', 'https://static.zara.net/photos///2019/V/0/3/p/2649/699/505/2/w/1024/2649699505_2_1_1.jpg?ts=1548336589855']",8,boy,4,https://www.zara.com/ww/en/knit-beanie-with-label-detail-p02649699.html
STAR PRINT COTTON SNOOD,https://www.zara.com/ww/en/star-print-cotton-snood-p00653697.html,€5.99,€0,Blue,['M'],['Cotton snood with a star print.'],"['https://static.zara.net/photos///2019/V/0/3/p/0653/697/400/2/w/1024/0653697400_1_1_1.jpg?ts=1548335450287', 'https://static.zara.net/photos///2019/V/0/3/p/0653/697/400/2/w/1024/0653697400_2_1_1.jpg?ts=1548335431920', 'https://static.zara.net/photos///2019/V/0/3/p/0653/697/400/2/w/1024/0653697400_2_2_1.jpg?ts=1548335441845']",12,boy,4,https://www.zara.com/ww/en/star-print-cotton-snood-p00653697.html
COOL MOOD RIBBED KNITTED HAT,https://www.zara.com/ww/en/cool-mood-ribbed-knitted-hat-p07282699.html,€5.99,€0,Khaki,"['M', 'L']","['Ribbed knitted hat featuring a turn-up detail with label appliqué.', 'JOIN LIFE', 'Care for fiber: at least 25% recycled polyester. ', 'Recycled polyester is made from recycled plastic bottles and consumes less water, less energy and fewer natural resources.']","['https://static.zara.net/photos///2019/V/0/3/p/7282/699/505/11/w/1024/7282699505_2_10_1.jpg?ts=1550579492449', 'https://static.zara.net/photos///2019/V/0/3/p/7282/699/505/11/w/1024/7282699505_1_1_1.jpg?ts=1550579527840', 'https://static.zara.net/photos///2019/V/0/3/p/7282/699/505/11/w/1024/7282699505_2_1_1.jpg?ts=1550579480529', 'https://static.zara.net/photos///2018/V/M/3/p/2222/000/000/2/w/1024/2222000000_2_59_1.jpg?ts=1548323308173']",5,boy,4,https://www.zara.com/ww/en/cool-mood-ribbed-knitted-hat-p07282699.html
PLUSH BEANIE WITH LABEL DETAIL,https://www.zara.com/ww/en/plush-beanie-with-label-detail-p00653695.html,€3.99,€0,Blue,"['M', 'L']",['Plush flecked beanie featuring a turn-up brim with label appliqué.'],"['https://static.zara.net/photos///2019/V/0/3/p/0653/695/400/2/w/1024/0653695400_1_1_1.jpg?ts=1548958942826', 'https://static.zara.net/photos///2019/V/0/3/p/0653/695/400/2/w/1024/0653695400_2_1_1.jpg?ts=1548958922601', 'https://static.zara.net/photos///2019/V/0/3/p/0653/695/400/2/w/1024/0653695400_2_2_1.jpg?ts=1548958933368']",10,boy,4,https://www.zara.com/ww/en/plush-beanie-with-label-detail-p00653695.html
KNIT BEANIE WITH LABEL DETAIL,https://www.zara.com/ww/en/knit-beanie-with-label-detail-p02649699.html,€5.99,€0,Khaki,"['M', 'L']",['Knit beanie featuring a turn-up brim with a label appliqué.'],"['https://static.zara.net/photos///2019/V/0/3/p/2649/699/505/2/w/1024/2649699505_1_1_1.jpg?ts=1548336598184', 'https://static.zara.net/photos///2019/V/0/3/p/2649/699/505/2/w/1024/2649699505_2_1_1.jpg?ts=1548336589855']",8,boy,4,https://www.zara.com/ww/en/knit-beanie-with-label-detail-p02649699.html
COOL MOOD RIBBED KNITTED HAT,https://www.zara.com/ww/en/cool-mood-ribbed-knitted-hat-p07282699.html,€5.99,€0,Khaki,"['M', 'L']","['Ribbed knitted hat featuring a turn-up detail with label appliqué.', 'JOIN LIFE', 'Care for fiber: at least 25% recycled polyester. ', 'Recycled polyester is made from recycled plastic bottles and consumes less water, less energy and fewer natural resources.']","['https://static.zara.net/photos///2019/V/0/3/p/7282/699/505/11/w/1024/7282699505_2_10_1.jpg?ts=1550579492449', 'https://static.zara.net/photos///2019/V/0/3/p/7282/699/505/11/w/1024/7282699505_1_1_1.jpg?ts=1550579527840', 'https://static.zara.net/photos///2019/V/0/3/p/7282/699/505/11/w/1024/7282699505_2_1_1.jpg?ts=1550579480529', 'https://static.zara.net/photos///2018/V/M/3/p/2222/000/000/2/w/1024/2222000000_2_59_1.jpg?ts=1548323308173']",5,boy,4,https://www.zara.com/ww/en/cool-mood-ribbed-knitted-hat-p07282699.html
COOL MOOD RIBBED KNITTED HAT,https://www.zara.com/ww/en/cool-mood-ribbed-knitted-hat-p07282699.html,€5.99,€0,Khaki,"['M', 'L']","['Ribbed knitted hat featuring a turn-up detail with label appliqué.', 'JOIN LIFE', 'Care for fiber: at least 25% recycled polyester. ', 'Recycled polyester is made from recycled plastic bottles and consumes less water, less energy and fewer natural resources.']","['https://static.zara.net/photos///2019/V/0/3/p/7282/699/505/11/w/1024/7282699505_2_10_1.jpg?ts=1550579492449', 'https://static.zara.net/photos///2019/V/0/3/p/7282/699/505/11/w/1024/7282699505_1_1_1.jpg?ts=1550579527840', 'https://static.zara.net/photos///2019/V/0/3/p/7282/699/505/11/w/1024/7282699505_2_1_1.jpg?ts=1550579480529', 'https://static.zara.net/photos///2018/V/M/3/p/2222/000/000/2/w/1024/2222000000_2_59_1.jpg?ts=1548323308173']",5,boy,4,https://www.zara.com/ww/en/cool-mood-ribbed-knitted-hat-p07282699.html
‘THINK BIG’ RIBBED BEANIE,https://www.zara.com/ww/en/%E2%80%98think-big%E2%80%99-ribbed-beanie-p07282698.html,€3.99,€0,Anthracite grey,"['M', 'L']","['Ribbed beanie featuring a turn-up brim with a label appliqué.', 'JOIN LIFE', 'Care for fiber: at least 25% recycled polyester. ', 'Recycled polyester is made from recycled plastic bottles and consumes less water, less energy and fewer natural resources.']","['https://static.zara.net/photos///2019/V/0/3/p/7282/698/807/8/w/1024/7282698807_2_10_1.jpg?ts=1551178294876', 'https://static.zara.net/photos///2019/V/0/3/p/7282/698/807/8/w/1024/7282698807_1_1_1.jpg?ts=1551178324422', 'https://static.zara.net/photos///2019/V/0/3/p/7282/698/807/8/w/1024/7282698807_2_1_1.jpg?ts=1551178286153', 'https://static.zara.net/photos///2018/V/M/3/p/2222/000/000/2/w/1024/2222000000_2_59_1.jpg?ts=1548323308173']",4,boy,4,https://www.zara.com/ww/en/%E2%80%98think-big%E2%80%99-ribbed-beanie-p07282698.html
BRIMMED WOVEN HAT WITH BAND,https://www.zara.com/ww/en/brimmed-woven-hat-with-band-p04373645.html,€7.99,€0,Blue,"['S(52cm)', 'M(54cm)', 'L(56cm)']",['Woven hat with a contrast band appliqué.'],"['https://static.zara.net/photos///2019/V/0/3/p/4373/645/400/2/w/1024/4373645400_1_1_1.jpg?ts=1548337281014', 'https://static.zara.net/photos///2019/V/0/3/p/4373/645/400/2/w/1024/4373645400_2_1_1.jpg?ts=1548337272490']",3,boy,4,https://www.zara.com/ww/en/brimmed-woven-hat-with-band-p04373645.html
NAUTICAL STRIPE NEWSBOY CAP,https://www.zara.com/ww/en/nautical-stripe-newsboy-cap-p00653013.html,€9.99,€0,Blue,"['S', 'M']",['Nautical cap with peak.'],"['https://static.zara.net/photos///2019/V/0/1/p/0653/013/400/2/w/1024/0653013400_1_1_1.jpg?ts=1554314342846', 'https://static.zara.net/photos///2019/V/0/1/p/0653/013/400/2/w/1024/0653013400_2_1_1.jpg?ts=1554314332913', 'https://static.zara.net/photos///2019/V/0/1/p/0653/013/400/2/w/1024/0653013400_2_5_1.jpg?ts=1554382500495', 'https://static.zara.net/photos///2019/V/0/1/p/0653/013/400/2/w/1024/0653013400_2_6_1.jpg?ts=1554382516821']",1,woman,2,https://www.zara.com/ww/en/nautical-stripe-newsboy-cap-p00653013.html
PACK OF RHINESTONE HAIR CLIPS,https://www.zara.com/ww/en/pack-of-rhinestone-hair-clips-p01856203.html,€7.99,€0,Various,['M'],['Pack of assorted metal hair clips. '],"['https://static.zara.net/photos///2019/I/0/1/p/1856/203/015/2/w/1024/1856203015_1_1_1.jpg?ts=1561450781448', 'https://static.zara.net/photos///2019/I/0/1/p/1856/203/015/2/w/1024/1856203015_2_6_1.jpg?ts=1561117130595', 'https://static.zara.net/photos///2019/I/0/1/p/1856/203/015/2/w/1024/1856203015_2_1_1.jpg?ts=1561450757179', 'https://static.zara.net/photos///2019/I/0/1/p/1856/203/015/2/w/1024/1856203015_2_2_1.jpg?ts=1561450768974']",15,woman,2,https://www.zara.com/ww/en/pack-of-rhinestone-hair-clips-p01856203.html
STRAW HAT WITH WOVEN BAND,https://www.zara.com/ww/en/straw-hat-with-woven-band-p00653693.html,€10.95,€0,Natural,"['S(52cm)', 'M(54cm)', 'L(56cm)']",['Straw hat with woven band appliqué.'],"['https://static.zara.net/photos///2019/V/0/3/p/0653/693/746/2/w/1024/0653693746_1_1_1.jpg?ts=1556883650266', 'https://static.zara.net/photos///2019/V/0/3/p/0653/693/746/2/w/1024/0653693746_2_1_1.jpg?ts=1556883640829']",2,boy,4,https://www.zara.com/ww/en/straw-hat-with-woven-band-p00653693.html
STRAW HAT WITH WOVEN BAND,https://www.zara.com/ww/en/straw-hat-with-woven-band-p07150696.html,€7.99,€0,Navy blue,"['S(52cm)', 'M(54cm)', 'L(56cm)']",['Straw hat with woven band appliqué.'],"['https://static.zara.net/photos///2019/V/0/3/p/7150/696/401/2/w/1024/7150696401_1_1_1.jpg?ts=1549015556962', 'https://static.zara.net/photos///2019/V/0/3/p/7150/696/401/2/w/1024/7150696401_2_1_1.jpg?ts=1549015544697']",1,boy,4,https://www.zara.com/ww/en/straw-hat-with-woven-band-p07150696.html
BASIC KNIT BEANIE,https://www.zara.com/ww/en/basic-knit-beanie-p04204202.html,€7.99,€0,Grey,['M'],"['Basic knit beanie.', 'Special terms and conditions for returns. Please review the terms and conditions for this item.']","['https://static.zara.net/photos///2018/I/0/1/p/4204/202/802/2/w/1024/4204202802_1_1_1.jpg?ts=1536912623158', 'https://static.zara.net/photos///2018/I/0/1/p/4204/202/802/2/w/1024/4204202802_2_1_1.jpg?ts=1536912612638', 'https://static.zara.net/photos///2019/V/0/1/p/4204/202/802/2/w/1024/4204202802_2_5_1.jpg?ts=1547028578334']",5,woman,2,https://www.zara.com/ww/en/basic-knit-beanie-p04204202.html
TWEED NAUTICAL CAP,https://www.zara.com/ww/en/tweed-nautical-cap-p00049002.html,€9.99,€0,Black,"['S', 'M']","['Nautical cap with peak.', 'Special terms and conditions for returns. Please review the terms and conditions for this item.']","['https://static.zara.net/photos///2019/V/0/1/p/0049/002/800/2/w/1024/0049002800_1_1_1.jpg?ts=1547024496395', 'https://static.zara.net/photos///2019/V/0/1/p/0049/002/800/2/w/1024/0049002800_2_1_1.jpg?ts=1547024468037', 'https://static.zara.net/photos///2019/V/0/1/p/0049/002/800/2/w/1024/0049002800_2_2_1.jpg?ts=1547024478120', 'https://static.zara.net/photos///2019/V/0/1/p/0049/002/800/2/w/1024/0049002800_2_5_1.jpg?ts=1547024487550']",14,woman,2,https://www.zara.com/ww/en/tweed-nautical-cap-p00049002.html
BASIC KNIT BEANIE,https://www.zara.com/ww/en/basic-knit-beanie-p04204202.html,€7.99,€0,Grey,['M'],"['Basic knit beanie.', 'Special terms and conditions for returns. Please review the terms and conditions for this item.']","['https://static.zara.net/photos///2018/I/0/1/p/4204/202/802/2/w/1024/4204202802_1_1_1.jpg?ts=1536912623158', 'https://static.zara.net/photos///2018/I/0/1/p/4204/202/802/2/w/1024/4204202802_2_1_1.jpg?ts=1536912612638', 'https://static.zara.net/photos///2019/V/0/1/p/4204/202/802/2/w/1024/4204202802_2_5_1.jpg?ts=1547028578334']",5,woman,2,https://www.zara.com/ww/en/basic-knit-beanie-p04204202.html
NAUTICAL CAP,https://www.zara.com/ww/en/nautical-cap-p00653010.html,€12.99,€0,Black,"['S', 'M']","['Nautical cap with front peak.', 'Special terms and conditions for returns. Please review the terms and conditions for this item.']","['https://static.zara.net/photos///2019/V/0/1/p/0653/010/800/2/w/1024/0653010800_1_1_1.jpg?ts=1547225436580', 'https://static.zara.net/photos///2019/V/0/1/p/0653/010/800/2/w/1024/0653010800_2_1_1.jpg?ts=1547225411501', 'https://static.zara.net/photos///2019/V/0/1/p/0653/010/800/2/w/1024/0653010800_2_5_1.jpg?ts=1547225420316', 'https://static.zara.net/photos///2019/V/0/1/p/0653/010/800/2/w/1024/0653010800_2_6_1.jpg?ts=1547225428450']",11,woman,2,https://www.zara.com/ww/en/nautical-cap-p00653010.html
FAUX SUEDE CAP,https://www.zara.com/ww/en/faux-suede-cap-p03920100.html,€7.99,€0,Khaki,['S-M'],"['Cap with peak and an adjustable strap in the back.', 'Special terms and conditions for returns. Please review the terms and conditions for this item.']","['https://static.zara.net/photos///2019/V/0/1/p/3920/100/505/2/w/1024/3920100505_1_1_1.jpg?ts=1548282960819', 'https://static.zara.net/photos///2019/V/0/1/p/3920/100/505/2/w/1024/3920100505_2_1_1.jpg?ts=1548282949190', 'https://static.zara.net/photos///2019/V/0/1/p/3920/100/505/2/w/1024/3920100505_2_5_1.jpg?ts=1548151425971']",8,woman,2,https://www.zara.com/ww/en/faux-suede-cap-p03920100.html
FAUX SUEDE CAP,https://www.zara.com/ww/en/faux-suede-cap-p03920100.html,€7.99,€0,Khaki,['S-M'],"['Cap with peak and an adjustable strap in the back.', 'Special terms and conditions for returns. Please review the terms and conditions for this item.']","['https://static.zara.net/photos///2019/V/0/1/p/3920/100/505/2/w/1024/3920100505_1_1_1.jpg?ts=1548282960819', 'https://static.zara.net/photos///2019/V/0/1/p/3920/100/505/2/w/1024/3920100505_2_1_1.jpg?ts=1548282949190', 'https://static.zara.net/photos///2019/V/0/1/p/3920/100/505/2/w/1024/3920100505_2_5_1.jpg?ts=1548151425971']",8,woman,2,https://www.zara.com/ww/en/faux-suede-cap-p03920100.html
CORDUROY NAUTICAL CAP,https://www.zara.com/ww/en/corduroy-nautical-cap-p03920268.html,€9.99,€0,Camel,"['S', 'M']","['Nautical cap with peak.', 'Special terms and conditions for returns. Please review the terms and conditions for this item.']","['https://static.zara.net/photos///2018/I/0/1/p/3920/268/704/2/w/1024/3920268704_1_1_1.jpg?ts=1538476649455', 'https://static.zara.net/photos///2018/I/0/1/p/3920/268/704/2/w/1024/3920268704_2_1_1.jpg?ts=1538476628522', 'https://static.zara.net/photos///2018/I/0/1/p/3920/268/704/2/w/1024/3920268704_2_2_1.jpg?ts=1538476638848', 'https://static.zara.net/photos///2018/I/0/1/p/3920/268/704/2/w/1024/3920268704_2_4_1.jpg?ts=1539278747720', 'https://static.zara.net/photos///2018/I/0/1/p/3920/268/704/2/w/1024/3920268704_2_5_1.jpg?ts=1539278757534']",7,woman,2,https://www.zara.com/ww/en/corduroy-nautical-cap-p03920268.html
BASIC KNIT BEANIE,https://www.zara.com/ww/en/basic-knit-beanie-p04204202.html,€7.99,€0,Grey,['M'],"['Basic knit beanie.', 'Special terms and conditions for returns. Please review the terms and conditions for this item.']","['https://static.zara.net/photos///2018/I/0/1/p/4204/202/802/2/w/1024/4204202802_1_1_1.jpg?ts=1536912623158', 'https://static.zara.net/photos///2018/I/0/1/p/4204/202/802/2/w/1024/4204202802_2_1_1.jpg?ts=1536912612638', 'https://static.zara.net/photos///2019/V/0/1/p/4204/202/802/2/w/1024/4204202802_2_5_1.jpg?ts=1547028578334']",5,woman,2,https://www.zara.com/ww/en/basic-knit-beanie-p04204202.html
LEOPARD PRINT RAIN HAT,https://www.zara.com/ww/en/leopard-print-rain-hat-p03920002.html,€9.99,€0,Snake,['S-M'],"['Printed rain hat.', 'Special terms and conditions for returns. Please review the terms and conditions for this item.']","['https://static.zara.net/photos///2019/V/0/1/p/3920/002/038/2/w/1024/3920002038_1_1_1.jpg?ts=1548442266228', 'https://static.zara.net/photos///2019/V/0/1/p/3920/002/038/2/w/1024/3920002038_2_1_1.jpg?ts=1548442263929', 'https://static.zara.net/photos///2019/V/0/1/p/3920/002/038/2/w/1024/3920002038_2_5_1.jpg?ts=1548665515106', 'https://static.zara.net/photos///2019/V/0/1/p/3920/002/038/2/w/1024/3920002038_2_6_1.jpg?ts=1548665524879']",4,woman,2,https://www.zara.com/ww/en/leopard-print-rain-hat-p03920002.html
NAUTICAL CAP WITH BUTTONS,https://www.zara.com/ww/en/nautical-cap-with-buttons-p00653003.html,€12.99,€0,Red,"['S', 'M']","['Nautical cap with front peak.', 'Special terms and conditions for returns. Please review the terms and conditions for this item.']","['https://static.zara.net/photos///2019/V/0/1/p/0653/003/600/2/w/1024/0653003600_1_1_1.jpg?ts=1547217226910', 'https://static.zara.net/photos///2019/V/0/1/p/0653/003/600/2/w/1024/0653003600_2_1_1.jpg?ts=1547217203778', 'https://static.zara.net/photos///2019/V/0/1/p/0653/003/600/2/w/1024/0653003600_2_2_1.jpg?ts=1547217215560', 'https://static.zara.net/photos///2019/V/0/1/p/0653/003/600/2/w/1024/0653003600_2_5_1.jpg?ts=1546952787297']",6,woman,2,https://www.zara.com/ww/en/nautical-cap-with-buttons-p00653003.html
FAUX SUEDE CAP,https://www.zara.com/ww/en/faux-suede-cap-p03920100.html,€7.99,€0,Khaki,['S-M'],"['Cap with peak and an adjustable strap in the back.', 'Special terms and conditions for returns. Please review the terms and conditions for this item.']","['https://static.zara.net/photos///2019/V/0/1/p/3920/100/505/2/w/1024/3920100505_1_1_1.jpg?ts=1548282960819', 'https://static.zara.net/photos///2019/V/0/1/p/3920/100/505/2/w/1024/3920100505_2_1_1.jpg?ts=1548282949190', 'https://static.zara.net/photos///2019/V/0/1/p/3920/100/505/2/w/1024/3920100505_2_5_1.jpg?ts=1548151425971']",8,woman,2,https://www.zara.com/ww/en/faux-suede-cap-p03920100.html
NAUTICAL CAP WITH BUTTONS,https://www.zara.com/ww/en/nautical-cap-with-buttons-p03920004.html,€9.99,€0,Red,"['S', 'M']",['Nautical cap with a front peak. Matching braided appliqués and decorative metal buttons.'],"['https://static.zara.net/photos///2019/V/0/1/p/3920/004/600/2/w/1024/3920004600_1_1_1.jpg?ts=1550667757447', 'https://static.zara.net/photos///2019/V/0/1/p/3920/004/600/2/w/1024/3920004600_2_1_1.jpg?ts=1550667736916', 'https://static.zara.net/photos///2019/V/0/1/p/3920/004/600/2/w/1024/3920004600_2_2_1.jpg?ts=1550667746434', 'https://static.zara.net/photos///2019/V/0/1/p/3920/004/600/2/w/1024/3920004600_2_5_1.jpg?ts=1550744179268', 'https://static.zara.net/photos///2019/V/0/1/p/3920/004/600/2/w/1024/3920004600_2_6_1.jpg?ts=1550744188561']",2,woman,2,https://www.zara.com/ww/en/nautical-cap-with-buttons-p03920004.html
KNIT BEANIE,https://www.zara.com/ww/en/knit-beanie-p09065428.html,€9.95,€0,Black,['M'],['Short knit beanie with a turn-up brim.'],"['https://static.zara.net/photos///2019/V/0/2/p/9065/428/800/2/w/1024/9065428800_1_1_1.jpg?ts=1545993916504', 'https://static.zara.net/photos///2019/V/0/2/p/9065/428/800/2/w/1024/9065428800_2_1_1.jpg?ts=1545993907939', 'https://static.zara.net/photos///2019/V/0/2/p/9065/428/800/2/w/1024/9065428800_2_4_1.jpg?ts=1548086542695', 'https://static.zara.net/photos///2019/V/0/2/p/9065/428/800/2/w/1024/9065428800_2_5_1.jpg?ts=1548086551478']",14,man,1,https://www.zara.com/ww/en/knit-beanie-p09065428.html
NAUTICAL CAP WITH BUTTONS,https://www.zara.com/ww/en/nautical-cap-with-buttons-p03920004.html,€9.99,€0,Red,"['S', 'M']",['Nautical cap with a front peak. Matching braided appliqués and decorative metal buttons.'],"['https://static.zara.net/photos///2019/V/0/1/p/3920/004/600/2/w/1024/3920004600_1_1_1.jpg?ts=1550667757447', 'https://static.zara.net/photos///2019/V/0/1/p/3920/004/600/2/w/1024/3920004600_2_1_1.jpg?ts=1550667736916', 'https://static.zara.net/photos///2019/V/0/1/p/3920/004/600/2/w/1024/3920004600_2_2_1.jpg?ts=1550667746434', 'https://static.zara.net/photos///2019/V/0/1/p/3920/004/600/2/w/1024/3920004600_2_5_1.jpg?ts=1550744179268', 'https://static.zara.net/photos///2019/V/0/1/p/3920/004/600/2/w/1024/3920004600_2_6_1.jpg?ts=1550744188561']",2,woman,2,https://www.zara.com/ww/en/nautical-cap-with-buttons-p03920004.html
KNIT BEANIE,https://www.zara.com/ww/en/knit-beanie-p09065405.html,€12.95,€0,Pearl grey,['M'],['Short knit beanie with a turn-up brim.'],"['https://static.zara.net/photos///2019/V/0/2/p/9065/405/804/2/w/1024/9065405804_1_1_1.jpg?ts=1544722246095', 'https://static.zara.net/photos///2019/V/0/2/p/9065/405/804/2/w/1024/9065405804_2_1_1.jpg?ts=1544722236331', 'https://static.zara.net/photos///2019/V/0/2/p/9065/405/804/2/w/1024/9065405804_2_4_1.jpg?ts=1548073582103', 'https://static.zara.net/photos///2019/V/0/2/p/9065/405/804/2/w/1024/9065405804_2_5_1.jpg?ts=1548073593851']",10,man,1,https://www.zara.com/ww/en/knit-beanie-p09065405.html
RIB KNIT HAT,https://www.zara.com/ww/en/rib-knit-hat-p09065408.html,€12.95,€0,Ecru,['M'],['Chunky knit hat with a turn-up brim.'],"['https://static.zara.net/photos///2019/V/0/2/p/9065/408/712/2/w/1024/9065408712_1_1_1.jpg?ts=1543591790915', 'https://static.zara.net/photos///2019/V/0/2/p/9065/408/712/2/w/1024/9065408712_2_1_1.jpg?ts=1543591782165']",11,man,1,https://www.zara.com/ww/en/rib-knit-hat-p09065408.html
PEAK HAT,https://www.zara.com/ww/en/peak-hat-p09065409.html,€12.95,€0,Khaki,['M'],['Peak knit hat.'],"['https://static.zara.net/photos///2019/V/0/2/p/9065/409/505/2/w/1024/9065409505_1_1_1.jpg?ts=1544183478701', 'https://static.zara.net/photos///2019/V/0/2/p/9065/409/505/2/w/1024/9065409505_2_1_1.jpg?ts=1544183469571', 'https://static.zara.net/photos///2019/V/0/2/p/9065/409/505/2/w/1024/9065409505_2_4_1.jpg?ts=1548073620971', 'https://static.zara.net/photos///2019/V/0/2/p/9065/409/505/2/w/1024/9065409505_2_5_1.jpg?ts=1548073629721']",12,man,1,https://www.zara.com/ww/en/peak-hat-p09065409.html
BASIC CAP,https://www.zara.com/ww/en/basic-cap-p09065300.html,€9.95,€0,Sand,['M'],['Peak cap with adjustable fastening.'],"['https://static.zara.net/photos///2019/I/0/2/p/9065/300/711/2/w/1024/9065300711_1_1_1.jpg?ts=1561709956155', 'https://static.zara.net/photos///2019/I/0/2/p/9065/300/711/2/w/1024/9065300711_2_1_1.jpg?ts=1561709943172', 'https://static.zara.net/photos///2019/I/0/2/p/9065/300/711/2/w/1024/9065300711_2_10_1.jpg?ts=1559814933002', 'https://static.zara.net/photos///2019/I/0/2/p/9065/300/711/2/w/1024/9065300711_2_11_1.jpg?ts=1559814945169']",7,man,1,https://www.zara.com/ww/en/basic-cap-p09065300.html
TEXTURED TWILL CAP,https://www.zara.com/ww/en/textured-twill-cap-p09065439.html,€9.95,€0,Black,['M'],['Peak cap made of wrinkle-resistant fabric with an adjustable strap at the back.'],"['https://static.zara.net/photos///2019/V/0/2/p/9065/439/800/2/w/1024/9065439800_1_1_1.jpg?ts=1552036748378', 'https://static.zara.net/photos///2019/V/0/2/p/9065/439/800/2/w/1024/9065439800_2_1_1.jpg?ts=1552036719346', 'https://static.zara.net/photos///2019/V/0/2/p/9065/439/800/2/w/1024/9065439800_2_4_1.jpg?ts=1552036728774', 'https://static.zara.net/photos///2019/V/0/2/p/9065/439/800/2/w/1024/9065439800_2_5_1.jpg?ts=1552036738289']",8,man,1,https://www.zara.com/ww/en/textured-twill-cap-p09065439.html
KNIT BEANIE,https://www.zara.com/ww/en/knit-beanie-p09065405.html,€12.95,€0,Pearl grey,['M'],['Short knit beanie with a turn-up brim.'],"['https://static.zara.net/photos///2019/V/0/2/p/9065/405/804/2/w/1024/9065405804_1_1_1.jpg?ts=1544722246095', 'https://static.zara.net/photos///2019/V/0/2/p/9065/405/804/2/w/1024/9065405804_2_1_1.jpg?ts=1544722236331', 'https://static.zara.net/photos///2019/V/0/2/p/9065/405/804/2/w/1024/9065405804_2_4_1.jpg?ts=1548073582103', 'https://static.zara.net/photos///2019/V/0/2/p/9065/405/804/2/w/1024/9065405804_2_5_1.jpg?ts=1548073593851']",10,man,1,https://www.zara.com/ww/en/knit-beanie-p09065405.html
CAP WITH RAISED SKULL,https://www.zara.com/ww/en/cap-with-raised-skull-p09065301.html,€12.95,€0,Black,['M'],['Peak cap with a matching raised skull print on the front and adjustable fastening.'],"['https://static.zara.net/photos///2019/I/0/2/p/9065/301/800/2/w/1024/9065301800_1_1_1.jpg?ts=1559814995991', 'https://static.zara.net/photos///2019/I/0/2/p/9065/301/800/2/w/1024/9065301800_2_1_1.jpg?ts=1559814957825', 'https://static.zara.net/photos///2019/I/0/2/p/9065/301/800/2/w/1024/9065301800_2_10_1.jpg?ts=1559814970463', 'https://static.zara.net/photos///2019/I/0/2/p/9065/301/800/2/w/1024/9065301800_2_11_1.jpg?ts=1559814983436']",6,man,1,https://www.zara.com/ww/en/cap-with-raised-skull-p09065301.html
SHORT TURN-UP HAT,https://www.zara.com/ww/en/short-turn-up-hat-p09065432.html,€12.95,€0,Black,['M'],['Short hat with a turn-up brim.'],"['https://static.zara.net/photos///2019/V/0/2/p/9065/432/800/2/w/1024/9065432800_1_1_1.jpg?ts=1548929102223', 'https://static.zara.net/photos///2019/V/0/2/p/9065/432/800/2/w/1024/9065432800_2_1_1.jpg?ts=1548861278181', 'https://static.zara.net/photos///2019/V/0/2/p/9065/432/800/2/w/1024/9065432800_2_4_1.jpg?ts=1548861287380', 'https://static.zara.net/photos///2019/V/0/2/p/9065/432/800/2/w/1024/9065432800_2_5_1.jpg?ts=1548861298117']",9,man,1,https://www.zara.com/ww/en/short-turn-up-hat-p09065432.html
HAT WITH CONTRAST BAND,https://www.zara.com/ww/en/hat-with-contrast-band-p03920418.html,€19.95,€0,Beige,['M'],['Woven wide-brimmed hat with a contrast band detail.'],"['https://static.zara.net/photos///2019/I/0/2/p/3920/418/710/2/w/1024/3920418710_1_1_1.jpg?ts=1562059600258', 'https://static.zara.net/photos///2019/I/0/2/p/3920/418/710/2/w/1024/3920418710_2_1_1.jpg?ts=1562059573235', 'https://static.zara.net/photos///2019/I/0/2/p/3920/418/710/2/w/1024/3920418710_2_2_1.jpg?ts=1562059587265']",5,man,1,https://www.zara.com/ww/en/hat-with-contrast-band-p03920418.html
TEXTURED LINEN CAP,https://www.zara.com/ww/en/textured-linen-cap-p09065304.html,€12.95,€0,camel,['M'],['Flat cap with an elastic strap in the back.'],"['https://static.zara.net/photos///2019/I/0/2/p/9065/304/707/2/w/1024/9065304707_1_1_1.jpg?ts=1561549198959', 'https://static.zara.net/photos///2019/I/0/2/p/9065/304/707/2/w/1024/9065304707_2_1_1.jpg?ts=1561549185816']",3,man,1,https://www.zara.com/ww/en/textured-linen-cap-p09065304.html
TEXTURED PIQUÉ CAP,https://www.zara.com/ww/en/textured-piqu%C3%A9-cap-p09065328.html,€12.95,€0,Navy blue,['M'],['Flat cap with an elastic strap in the back.'],"['https://static.zara.net/photos///2019/I/0/2/p/9065/328/401/2/w/1024/9065328401_1_1_1.jpg?ts=1562324954646', 'https://static.zara.net/photos///2019/I/0/2/p/9065/328/401/2/w/1024/9065328401_2_1_1.jpg?ts=1562324941322']",2,man,1,https://www.zara.com/ww/en/textured-piqu%C3%A9-cap-p09065328.html
HAT WITH CONTRAST BAND,https://www.zara.com/ww/en/hat-with-contrast-band-p03306407.html,€19.95,€0,straw,['M'],['Woven wide-brimmed hat with a contrast band detail.'],"['https://static.zara.net/photos///2019/I/0/2/p/3306/407/304/2/w/1024/3306407304_1_1_1.jpg?ts=1562059537974', 'https://static.zara.net/photos///2019/I/0/2/p/3306/407/304/2/w/1024/3306407304_2_1_1.jpg?ts=1562059524546']",4,man,1,https://www.zara.com/ww/en/hat-with-contrast-band-p03306407.html
BRIMMED WOVEN HAT WITH BAND,https://www.zara.com/ww/en/brimmed-woven-hat-with-band-p04373645.html,€7.99,€0,Blue,"['S(52cm)', 'M(54cm)', 'L(56cm)']",['Woven hat with a contrast band appliqué.'],"['https://static.zara.net/photos///2019/V/0/3/p/4373/645/400/2/w/1024/4373645400_1_1_1.jpg?ts=1548337281014', 'https://static.zara.net/photos///2019/V/0/3/p/4373/645/400/2/w/1024/4373645400_2_1_1.jpg?ts=1548337272490']",3,girl,3,https://www.zara.com/ww/en/brimmed-woven-hat-with-band-p04373645.html
CORDUROY NAUTICAL BERET,https://www.zara.com/ww/en/corduroy-nautical-beret-p03920641.html,€6.99,€0,Ecru,"['S(52cm)', 'M(54cm)', 'L(56cm)']",['Corduroy nautical beret.'],"['https://static.zara.net/photos///2019/V/0/3/p/3920/641/712/4/w/1024/3920641712_2_10_1.jpg?ts=1549477545151', 'https://static.zara.net/photos///2019/V/0/3/p/3920/641/712/4/w/1024/3920641712_1_1_1.jpg?ts=1549476958224', 'https://static.zara.net/photos///2019/V/0/3/p/3920/641/712/4/w/1024/3920641712_2_1_1.jpg?ts=1549476948769', 'https://static.zara.net/photos///2019/V/0/3/p/3920/641/712/4/w/1024/3920641712_2_2_1.jpg?ts=1549476965167']",5,girl,3,https://www.zara.com/ww/en/corduroy-nautical-beret-p03920641.html
TEXTURED PIQUÉ CAP,https://www.zara.com/ww/en/textured-piqu%C3%A9-cap-p09065306.html,€12.95,€0,Black,['M'],['Flat cap with an elastic strap in the back.'],"['https://static.zara.net/photos///2019/I/0/2/p/9065/306/800/2/w/1024/9065306800_1_1_1.jpg?ts=1562324904609', 'https://static.zara.net/photos///2019/I/0/2/p/9065/306/800/2/w/1024/9065306800_2_1_1.jpg?ts=1562324891607']",1,man,1,https://www.zara.com/ww/en/textured-piqu%C3%A9-cap-p09065306.html
FRAYED LEOPARD PRINT HAT,https://www.zara.com/ww/en/frayed-leopard-print-hat-p03920639.html,€6.99,€0,Khaki,"['S(52cm)', 'M(54cm)', 'L(56cm)']",['Leopard print hat with a frayed brim.'],"['https://static.zara.net/photos///2019/V/0/3/p/3920/639/505/2/w/1024/3920639505_1_1_1.jpg?ts=1549541961033', 'https://static.zara.net/photos///2019/V/0/3/p/3920/639/505/2/w/1024/3920639505_2_1_1.jpg?ts=1549541904363']",2,girl,3,https://www.zara.com/ww/en/frayed-leopard-print-hat-p03920639.html
ANIMAL PRINT RAIN HAT,https://www.zara.com/ww/en/animal-print-rain-hat-p03920643.html,€6.99,€0,Leopard,"['S(52cm)', 'M(54cm)', 'L(56cm)']",['Rain hat with an animal print.'],"['https://static.zara.net/photos///2019/V/0/3/p/3920/643/051/2/w/1024/3920643051_1_1_1.jpg?ts=1546515687960', 'https://static.zara.net/photos///2019/V/0/3/p/3920/643/051/2/w/1024/3920643051_2_1_1.jpg?ts=1546515680417']",4,girl,3,https://www.zara.com/ww/en/animal-print-rain-hat-p03920643.html
SHINY POMPOM HAT,https://www.zara.com/ww/en/shiny-pompom-hat-p04373646.html,€5.99,€0,Grey marl,"['S', 'M', 'L']",['Hat with a pompom appliqué and shiny motifs.'],"['https://static.zara.net/photos///2019/V/0/3/p/4373/646/803/2/w/1024/4373646803_1_1_1.jpg?ts=1547193518609', 'https://static.zara.net/photos///2019/V/0/3/p/4373/646/803/2/w/1024/4373646803_2_1_1.jpg?ts=1547193510965']",6,girl,3,https://www.zara.com/ww/en/shiny-pompom-hat-p04373646.html
